sale-type,weight,id,property_id,listing_id,parcel_number,street_address,city_name,postal_code,county_name,contract_date,sale_age,coe_date,listing_status,sale_price,rent,list_price,original_list_price,living_sqft,ppsf,beds_total,baths_total,lot_size,area_id,area_text,age,year_built,latitude,longitude,latitude6,longitude6,garage_spaces,fp_count,no_of_stories,style,view,days_on_market,listing_date,sale_concessions
s,0,0,944331259,AN48307798,761-160-21,1145 Cottonwood Lane,Valleybrook,93712,Madera,12/18/25,13,12/24/25,Sold,3560000,9494,2950000,3041000,1764,"2,018.14",3,2,5984,466,Creekview Estates,78,1947,37.72,-121.45,37.7204394,-121.4502912,1,,,,Neighborhood,6,12/12/25,0
c,1,1,901031743,AN37437207,408-316-27,1132 Sunset Ridge Road,Valleybrook,93710,Madera,12/9/25,22,12/9/25,Sold,1321000,2826,1284000,,820,"1,610.98",2,1,5396,467,Heritage Gate,106,1921,37.727,-121.451,37.7266604,-121.4505246,1,,,,,24,11/15/25,0
c,1,2,910597167,AN62989744,974-831-14,1331 Laurel Canyon Drive,Valleybrook,93712,Madera,12/5/25,26,12/5/25,Sold,1675000,4862,1689000,1679000,1350,"1,240.74",2,1,5983,467,Heritage Gate,97,1927,37.726,-121.451,37.7257527,-121.4506431,2,,,,,27,11/8/25,0
c,1,3,960899748,AN65049584,552-181-86,1427 Tanager Way,Valleybrook,93713,Madera,12/1/25,30,12/26/25,Sold,1504000,4441,1526000,1755000,1379,"1,090.65",2,2.5,3000,461,Valleybrook Downtown,2,2024,37.717,-121.435,37.717449,-121.435403,2,,,"Luxury,Modern / High Tech",,27,11/4/25,0
c,1,4,999990728,AN85345555,651-369-84,1025 Poplar Avenue,Valleybrook,93711,Madera,11/26/25,35,11/26/25,Sold,2290000,5617,2312000,,1240,"1,846.77",2,1,5877,466,Creekview Estates,78,1948,37.719,-121.447,37.718852,-121.4474556,1,,,,,28,10/29/25,0
c,1,5,907868404,AN74481336,930-963-94,100 Ironwood Avenue,Valleybrook,93712,Madera,11/20/25,41,12/22/25,Sold,1002000,2296,1000000,956000,1295,773.75,2,2,1230,461,Valleybrook Downtown,39,1988,37.714,-121.426,37.7142049,-121.4255033,2,,,,Neighborhood,29,10/22/25,0
c,1,6,955384277,AN63667053,529-680-52,716 Sierra Vista Way,Valleybrook,93712,Madera,11/19/25,42,12/12/25,Sold,2425000,7176,2450000,2506000,1510,"1,605.96",3,3,6516,465,Eastside Terrace,112,1912,37.72,-121.436,37.719523,-121.4361887,0,,,Craftsman,Neighborhood,1,11/18/25,0
c,1,7,926665991,AN31307037,202-796-31,100 Laurel Canyon Drive,Valleybrook,93711,Madera,11/14/25,47,12/15/25,Sold,3454000,8343,3264000,3143000,2538,"1,360.91",4,4,7512,462,Riverside,121,1907,37.718,-121.421,37.7177401,-121.4207353,2,,,,,23,10/22/25,0
c,1,8,936632757,AN68496914,597-129-59,105 Cypress Point Drive,Valleybrook,93711,Madera,11/13/25,48,11/21/25,Sold,3669000,10529,3184000,3132000,2330,"1,574.68",4,2,6255,460,Central Park,97,1929,37.709,-121.434,37.7087328,-121.4338901,2,,,,,18,10/26/25,0
c,1,9,983558632,AN43971980,112-569-73,1437 Oak Valley Drive,Valleybrook,93710,Madera,11/12/25,49,11/19/25,Sold,2911000,8405,2304000,2230000,1720,"1,692.44",2,2,5979,466,Creekview Estates,85,1941,37.723,-121.459,37.7232252,-121.4588468,2,,,,,5,11/7/25,0
c,1,11,901843251,AN56073103,810-923-24,1447 Fox Run Court,Valleybrook,93712,Madera,11/10/25,51,12/19/25,Sold,855000,1861,887000,978000,1377,620.92,2,2,1334,461,Valleybrook Downtown,50,1976,37.718,-121.435,37.717736,-121.4349656,2,,,,,20,10/21/25,0
c,1,10,948039455,AN64996550,402-264-15,1329 Primrose Lane,Valleybrook,93711,Madera,11/10/25,51,12/2/25,Sold,2858000,8249,2454000,2827000,2199,"1,299.68",4,2.5,5993,467,Heritage Gate,99,1923,37.725,-121.452,37.7253627,-121.4516578,1,,,,,15,10/26/25,0
c,1,12,902047721,AN93610257,673-626-23,1438 Ridgeline Drive,Valleybrook,93710,Madera,11/6/25,55,11/6/25,Sold,2456000,6718,2478000,,1717,"1,430.40",3,2,5767,465,Eastside Terrace,102,1922,37.72,-121.444,37.7197042,-121.4440899,2,,,Bungalow,,27,10/10/25,0
c,1,13,914679315,AN44727276,327-622-76,1211 Poplar Avenue,Valleybrook,93710,Madera,10/28/25,64,11/26/25,Sold,788000,1582,807000,785000,787,"1,001.27",2,1,1000,467,Heritage Gate,58,1970,37.724,-121.449,37.7238634,-121.4489725,1,,,,,13,10/15/25,0
c,1,14,939386369,AN15226275,979-209-17,739 Osprey Way,Valleybrook,93713,Madera,10/25/25,67,10/31/25,Sold,1189000,2515,1187000,1210000,1197,993.32,2,2.5,1000,465,Eastside Terrace,43,1981,37.718,-121.441,37.7181414,-121.4413749,2,,,Contemporary,Neighborhood,5,10/20/25,0
c,1,15,976670571,AN92427437,376-928-72,554 Golden Eagle Lane,Valleybrook,93710,Madera,10/19/25,73,11/17/25,Sold,840000,1818,934000,1083000,1144,734.27,2,2,1196,461,Valleybrook Downtown,30,1996,37.716,-121.437,37.7159805,-121.4373322,1,,,Mediterranean,Other,17,10/2/25,0
c,1,17,930056261,AN78123659,390-374-94,1905 Willow Springs Drive,Valleybrook,93712,Madera,10/8/25,84,10/17/25,Sold,4629000,12642,4892000,4880000,3610,"1,282.27",5,4.5,10235,466,Creekview Estates,22,2002,37.718,-121.449,37.7179425,-121.4494649,2,,,"Custom,Traditional",,34,9/4/25,0
c,1,16,911378739,AN55406344,422-511-31,1530 Valley Oak Drive,Valleybrook,93710,Madera,10/8/25,84,10/30/25,Sold,2590000,7191,2482000,2429000,1900,"1,363.16",3,3,7703,471,Summit Terrace,75,1950,37.714,-121.477,37.7139387,-121.4774097,2,,,,,27,9/11/25,0
c,1,18,986159185,AN69322805,278-867-37,834 Copper Creek Way,Valleybrook,93710,Madera,10/7/25,85,10/29/25,Sold,3460000,9612,3593000,3648000,2990,"1,157.19",4,4,6266,460,Central Park,101,1923,37.718,-121.443,37.71815,-121.4433431,2,,,,,13,9/24/25,0
c,1,19,953199848,AN68795196,635-774-96,1504 Creekside Court,Valleybrook,93710,Madera,10/6/25,86,10/20/25,Sold,731000,1878,724000,736000,967,755.95,1,2,1115,460,Central Park,43,1979,37.718,-121.442,37.717598,-121.4415865,1,,One Story,Contemporary,,37,8/30/25,0
c,1,20,946453084,AN71567486,505-269-68,2710 River Stone Court,Valleybrook,93711,Madera,10/5/25,87,10/16/25,Sold,3153000,8879,3131000,3273000,2907,"1,084.62",3,3,10644,471,Summit Terrace,66,1956,37.713,-121.469,37.7128008,-121.4690252,2,,,,"Canyon,Greenbelt,Mountains",19,9/16/25,0
c,1,21,901483935,AN23596622,249-862-81,704 Creekside Court,Valleybrook,93711,Madera,9/30/25,92,10/31/25,Sold,2367000,5237,2425000,2454000,2080,"1,137.98",3,1.5,5002,462,Riverside,95,1929,37.72,-121.423,37.7197311,-121.4226976,2,,,,,37,8/24/25,0
c,1,22,958004568,AN67727800,969-340-46,708 Foothill Drive,Valleybrook,93711,Madera,9/29/25,93,10/17/25,Sold,5967000,14473,6108000,5939000,3345,"1,783.86",4,4.5,8705,460,Central Park,12,2016,37.716,-121.442,37.7158124,-121.4420061,2,,,,,38,8/22/25,0
c,1,23,932287747,AN12226394,571-291-44,2104 Walnut Creek Court,Valleybrook,93710,Madera,9/27/25,95,10/31/25,Sold,2429000,5224,2216000,2189000,1670,"1,454.49",3,2,4869,466,Creekview Estates,101,1924,37.717,-121.451,37.7168262,-121.4510844,1,,,,,28,8/30/25,0
c,1,24,965535348,AN87340611,939-197-86,1431 Rolling Hills Lane,Valleybrook,93711,Madera,9/25/25,97,11/7/25,Sold,5446000,12748,4861000,5093000,3480,"1,564.94",4,4,6088,466,Creekview Estates,0,2025,37.719,-121.462,37.7189782,-121.4620583,1,,,"Contemporary,Luxury,Traditional",,13,9/12/25,0
c,1,25,939807633,AN67163632,870-376-99,1489 Vineyard Way,Valleybrook,93710,Madera,9/24/25,98,10/6/25,Sold,1258000,3278,1302000,1374000,1480,850,2,2,1731,461,Valleybrook Downtown,28,1995,37.717,-121.439,37.7167088,-121.438635,2,,,,,28,8/27/25,0
c,1,26,927289414,AN68592599,192-841-41,2715 Manzanita Road,Valleybrook,93711,Madera,9/24/25,98,10/9/25,Sold,2938000,6335,2707000,2743000,2081,"1,411.82",3,2,8717,472,Mill Creek Estates,64,1960,37.722,-121.473,37.7218499,-121.4728204,2,,,,Bay,9,9/15/25,0
c,1,27,909028796,AN86024718,920-643-70,1511 Eucalyptus Lane,Valleybrook,93712,Madera,9/19/25,103,10/10/25,Sold,3435000,7169,3169000,3117000,3210,"1,070.09",5,3,7685,471,Summit Terrace,73,1953,37.714,-121.477,37.7138043,-121.4766469,2,,,Colonial,,3,9/16/25,0
c,1,28,983009769,AN20191870,303-195-21,3065 Elm Grove Way,Valleybrook,93713,Madera,9/19/25,103,10/10/25,Sold,2843000,8288,2857000,2815000,2120,"1,341.04",4,2,12270,472,Mill Creek Estates,61,1966,37.719,-121.483,37.7192599,-121.4826696,2,,,,,1,9/18/25,0
c,1,29,942760310,AN39187446,205-674-45,195 Amber Hills Way,Valleybrook,93711,Madera,9/18/25,104,9/29/25,Sold,3675000,10452,3589000,3559000,2358,"1,558.52",4,3.5,4698,462,Riverside,1,2026,37.724,-121.42,37.7235675,-121.4195723,1,,,,,27,8/22/25,0
c,1,30,995207723,AN62652401,288-942-81,1820 Hawk Ridge Road,Valleybrook,93710,Madera,9/17/25,105,10/17/25,Sold,3784000,8368,3409000,3538000,2110,"1,793.36",3,2,8517,472,Mill Creek Estates,62,1965,37.721,-121.48,37.7212989,-121.4803505,2,,,Ranch,"Bay,Bridge ,City Lights,Hills,Mountains,Neighborhood",15,9/2/25,0
c,1,33,939585149,AN44809916,814-550-43,2694 Pelican Drive,Valleybrook,93711,Madera,9/16/25,106,10/10/25,Sold,3756000,8065,3171000,3173000,3109,"1,208.11",4,4,17393,471,Summit Terrace,69,1953,37.713,-121.468,37.71293,-121.4676901,2,,,,,24,8/23/25,0
c,1,32,981823275,AN23318904,881-312-90,1080 Wild Rose Way,Valleybrook,93710,Madera,9/16/25,106,10/1/25,Sold,1356000,3093,1310000,1271000,860,"1,576.74",2,1,4328,467,Heritage Gate,83,1939,37.728,-121.452,37.727529,-121.4519163,2,,,,,25,8/22/25,0
c,1,31,903356886,AN46913810,350-328-27,1020 Cherry Blossom Drive,Valleybrook,93710,Madera,9/16/25,106,10/7/25,Sold,2738000,8201,1612000,1633000,1230,"2,226.02",2,1,3516,465,Eastside Terrace,100,1924,37.721,-121.445,37.7212406,-121.4445802,2,,,,,30,8/17/25,0
c,1,34,986588420,AN74927109,485-583-87,223 Magnolia Way,Valleybrook,93710,Madera,9/11/25,111,9/19/25,Sold,1916000,5585,1907000,1947000,1360,"1,408.82",2,1,5381,462,Riverside,87,1937,37.722,-121.421,37.7215123,-121.4213474,1,,,,,14,8/28/25,0
c,1,35,922511225,AN55992559,564-710-85,1357 Wild Rose Way,Valleybrook,93712,Madera,9/10/25,112,9/25/25,Sold,1948000,4054,1835000,1808000,1590,"1,225.16",2,2,4792,465,Eastside Terrace,105,1924,37.72,-121.442,37.7202565,-121.4421527,2,,,Bungalow,,9,9/1/25,0
c,1,36,909826486,AN30634593,525-211-65,785 Falcon Ridge Drive,Valleybrook,93711,Madera,9/6/25,116,9/16/25,Sold,2607000,5345,2547000,2465000,1618,"1,611.25",3,2,5218,465,Eastside Terrace,86,1943,37.72,-121.439,37.7198489,-121.4387101,2,,One Story,Spanish,,8,8/29/25,0
c,1,37,918892086,AN40281491,980-792-96,114 Pine Meadow Drive,Valleybrook,93710,Madera,9/2/25,120,10/2/25,Sold,1312000,3202,1387000,1374000,1740,754.02,2,2,1967,461,Valleybrook Downtown,51,1973,37.715,-121.427,37.7146239,-121.4274211,2,,,Contemporary,Neighborhood,0,9/2/25,0
c,1,38,997211032,AN92371735,520-197-11,519 Elm Grove Way,Valleybrook,93713,Madera,8/29/25,124,9/19/25,Sold,2831000,6889,2308000,2919000,2335,"1,212.42",4,3,6268,464,Garden District,97,1927,37.724,-121.43,37.7240862,-121.4300598,1,,,,,31,7/29/25,0
c,1,39,913240677,AN71368875,290-326-50,330 Magnolia Way,Valleybrook,93711,Madera,8/26/25,127,9/30/25,Sold,3703000,9786,3927000,4222000,2335,"1,585.87",3,2.5,7588,460,Central Park,109,1915,37.712,-121.435,37.7117653,-121.4346198,2,,,"Arts and Crafts,Craftsman,Traditional",,37,7/20/25,0
c,1,40,926268818,AN43889297,602-548-96,2199 Willow Springs Drive,Valleybrook,93711,Madera,8/21/25,132,9/22/25,Sold,3751000,8547,3818000,3809000,2567,"1,461.24",4,3.5,4968,466,Creekview Estates,96,1929,37.722,-121.463,37.7222441,-121.4626496,1,,,"Custom,Tudor",Neighborhood,33,7/19/25,0
c,1,41,970662368,AN51144384,702-941-72,1681 Stonegate Drive,Valleybrook,93711,Madera,8/20/25,133,9/8/25,Sold,2644000,7412,2773000,2810000,2410,"1,097.10",4,2.5,8130,472,Mill Creek Estates,60,1967,37.716,-121.482,37.7164711,-121.4822858,2,,,,,36,7/15/25,0
c,1,42,943632879,AN78510704,599-893-67,1401 Wren Court,Valleybrook,93712,Madera,8/18/25,135,9/8/25,Sold,2149000,5216,1589000,1580000,1135,"1,893.39",2,1,3984,465,Eastside Terrace,86,1940,37.721,-121.444,37.7205453,-121.4444561,1,,,,,10,8/8/25,0
c,1,43,957610401,AN97977738,193-820-22,1239 Ironwood Avenue,Valleybrook,93711,Madera,8/15/25,138,9/15/25,Sold,1551000,3161,1647000,1709000,1790,866.48,2,2.5,1671,461,Valleybrook Downtown,41,1983,37.717,-121.431,37.7174767,-121.4313786,2,,,Cape Cod,"Hills,Neighborhood",22,7/24/25,0
c,1,44,935606090,AN73097822,255-596-33,2410 Redwood Terrace,Valleybrook,93711,Madera,8/13/25,140,9/3/25,Sold,3861000,8630,3946000,3926000,2970,"1,300.00",4,4,6015,466,Creekview Estates,100,1922,37.719,-121.461,37.7192511,-121.4608278,2,,,,,19,7/25/25,0
c,1,45,960680386,AN38834825,564-736-43,2981 Canyon View Court,Valleybrook,93713,Madera,8/13/25,140,9/30/25,Sold,3058000,9125,3088000,3118000,2240,"1,365.18",4,3,12377,472,Mill Creek Estates,61,1963,37.719,-121.481,37.7194289,-121.4809784,2,,,,,2,8/11/25,0
c,1,46,910324210,AN58469365,357-352-90,1230 Blue Jay Way,Valleybrook,93713,Madera,8/7/25,146,8/18/25,Sold,975000,2922,1004000,995000,1245,783.13,2,2,1263,461,Valleybrook Downtown,44,1980,37.719,-121.431,37.7185028,-121.4310632,2,,,Traditional,Neighborhood,29,7/9/25,0
c,1,47,938119652,AN49258091,988-764-59,1421 Pelican Drive,Valleybrook,93710,Madera,8/6/25,147,9/3/25,Sold,3621000,10531,3569000,3698000,2710,"1,336.16",5,3.5,6003,467,Heritage Gate,50,1978,37.727,-121.454,37.7267898,-121.4540488,2,,,,,10,7/27/25,0
c,1,48,922463582,AN44426734,797-832-98,3129 Sand Piper Way,Valleybrook,93712,Madera,8/4/25,149,8/22/25,Sold,3084000,8032,2956000,2912000,2240,"1,376.79",4,2,8826,472,Mill Creek Estates,58,1963,37.718,-121.483,37.7182448,-121.4834243,2,,,,,24,7/11/25,0
c,1,49,913100228,AN48759195,416-655-98,733 Boulder Creek Drive,Valleybrook,93712,Madera,8/2/25,151,8/25/25,Sold,2913000,6167,2776000,2933000,2020,"1,442.08",3,2,5376,463,Grove Manor,84,1938,37.722,-121.427,37.7221506,-121.4269717,1,,,,,7,7/26/25,0
c,1,50,974181946,AN96134135,719-877-86,853 Sand Piper Way,Valleybrook,93712,Madera,8/1/25,152,8/21/25,Sold,2385000,6672,2514000,2527000,1450,"1,644.83",3,2,5891,464,Garden District,101,1926,37.723,-121.436,37.7229509,-121.4364345,1,,,"Bungalow,Traditional",Neighborhood,0,8/1/25,0
c,1,51,976520583,AN62430988,843-464-26,1828 Sierra Vista Way,Valleybrook,93711,Madera,7/31/25,153,9/3/25,Sold,3796000,9230,3708000,3779000,3300,"1,150.30",4,2.5,8730,472,Mill Creek Estates,65,1961,37.722,-121.48,37.7221465,-121.4796002,2,,,Mediterranean,"Bay,City Lights,Greenbelt,Hills,Neighborhood",16,7/15/25,0
c,1,53,913349287,AN27431859,867-848-43,733 Wren Court,Valleybrook,93710,Madera,7/30/25,154,8/21/25,Sold,3185000,9266,3456000,3449000,2173,"1,465.72",3,2.5,5012,463,Grove Manor,87,1936,37.721,-121.425,37.7205925,-121.4252576,1,,,,,30,6/30/25,0
c,1,52,996105940,AN71428713,137-400-35,1134 Heron Point Road,Valleybrook,93710,Madera,7/30/25,154,8/11/25,Sold,2432000,7075,2155000,2135000,1160,"2,096.55",2,1,6014,466,Creekview Estates,106,1922,37.718,-121.451,37.7176524,-121.4514924,2,,,,,28,7/2/25,0
c,1,55,973252711,AN29856655,714-784-83,802 Primrose Lane,Valleybrook,93710,Madera,7/29/25,155,8/29/25,Sold,1754000,4395,1849000,2001000,1450,"1,209.66",2,1.5,3098,465,Eastside Terrace,89,1935,37.721,-121.437,37.7206539,-121.4374898,1,,,Tudor,,31,6/28/25,0
c,1,54,992310921,AN76025948,873-588-48,1405 Redwood Terrace,Valleybrook,93710,Madera,7/29/25,155,8/15/25,Sold,4125000,10351,4033000,4000000,3040,"1,356.91",4,3,6063,466,Creekview Estates,101,1926,37.722,-121.459,37.7215354,-121.4594275,1,,Two Story,"Contemporary,Custom",,20,7/9/25,0
c,1,56,932301683,AN82445335,322-872-17,1202 Willow Springs Drive,Valleybrook,93713,Madera,7/28/25,156,8/25/25,Sold,2886000,6863,2878000,2750000,1590,"1,815.09",3,2,4302,465,Eastside Terrace,2,2027,37.723,-121.443,37.7230665,-121.4433806,0,,,,,21,7/7/25,0
c,1,57,933704923,AN51373735,473-915-15,1012 Cedar Brook Court,Valleybrook,93711,Madera,7/25/25,159,9/5/25,Sold,1971000,5783,1916000,1921000,1830,"1,077.05",4,3,5143,464,Garden District,81,1947,37.724,-121.44,37.7238613,-121.4403198,1,,,,,19,7/6/25,0
c,1,58,988842638,AN55199748,997-884-89,1113 Redwood Terrace,Valleybrook,93710,Madera,7/24/25,160,7/11/25,Sold,2078000,6075,2109000,,1940,"1,071.13",3,2,6830,465,Eastside Terrace,111,1915,37.721,-121.437,37.7208795,-121.437233,1,,,,,32,6/22/25,0
c,1,59,953402482,AN39808788,868-690-26,1402 Creekside Court,Valleybrook,93712,Madera,7/23/25,161,8/13/25,Sold,1022000,2970,1119000,1248000,1420,719.72,2,2.5,1000,467,Heritage Gate,34,1993,37.725,-121.454,37.7254485,-121.4541037,2,,,,,25,6/28/25,0
c,1,60,934616300,AN94288202,802-587-98,1480 River Stone Court,Valleybrook,93713,Madera,7/22/25,162,8/13/25,Sold,917000,2209,918000,1065000,1263,726.05,2,2,1362,460,Central Park,45,1981,37.714,-121.431,37.7136721,-121.4311025,1,,,,City Lights,19,7/3/25,0
c,1,61,948533442,AN92245683,982-365-33,1420 Meadowlark Drive,Valleybrook,93712,Madera,7/18/25,166,9/2/25,Sold,2004000,5881,1967000,2296000,1240,"1,616.13",2,1,5996,460,Central Park,103,1921,37.726,-121.454,37.7261965,-121.4537451,1,,,,,31,6/17/25,0
c,1,62,919187023,AN95178684,134-955-40,2962 Fox Run Court,Valleybrook,93710,Madera,7/17/25,167,8/15/25,Sold,3184000,7985,2967000,3012000,2490,"1,278.71",3,2.5,11120,472,Mill Creek Estates,62,1964,37.717,-121.478,37.7169749,-121.4779156,2,,,,,33,6/14/25,0
c,1,63,979039884,AN16037602,603-982-12,1516 Acacia Court,Valleybrook,93713,Madera,7/13/25,171,8/7/25,Sold,4239000,10137,4707000,4848000,3040,"1,394.41",5,4.5,5996,466,Creekview Estates,28,1998,37.725,-121.462,37.7246685,-121.4622209,2,,,Mediterranean,"City Lights,Neighborhood",25,6/18/25,0
c,1,64,995510117,AN90191410,158-892-32,144 Robin Lane,Valleybrook,93712,Madera,7/10/25,174,8/1/25,Sold,3933000,7874,3983000,3926000,3335,"1,179.31",4,3.5,12295,471,Summit Terrace,95,1927,37.713,-121.474,37.7128898,-121.4743638,2,,,Spanish,Neighborhood,16,6/24/25,0
c,1,65,990596467,AN49747835,885-938-13,2723 Copper Creek Way,Valleybrook,93712,Madera,7/10/25,174,8/1/25,Sold,2421000,6676,2450000,2477000,1590,"1,522.64",3,2,12965,471,Summit Terrace,66,1959,37.713,-121.47,37.7126515,-121.470241,2,,,,Neighborhood,23,6/17/25,0
c,1,66,919996104,AN53649791,191-919-89,1539 Sycamore Terrace,Valleybrook,93713,Madera,7/9/25,175,7/30/25,Sold,2893000,8549,2835000,2947000,2620,"1,104.20",4,3.5,5993,466,Creekview Estates,98,1927,37.724,-121.462,37.7242078,-121.4624176,1,,,,,33,6/6/25,0
c,1,67,945765962,AN75411700,890-662-68,2979 Blue Jay Way,Valleybrook,93712,Madera,7/1/25,183,7/16/25,Sold,3534000,8349,2766000,2712000,2740,"1,289.78",5,3,8331,472,Mill Creek Estates,59,1964,37.721,-121.483,37.7207314,-121.4828722,2,,,,,11,6/20/25,0
c,1,68,917638581,AN24728084,210-911-12,1708 Creekside Court,Valleybrook,93713,Madera,6/29/25,185,7/9/25,Sold,2573000,5257,2962000,3679000,2210,"1,164.25",3,2,7161,472,Mill Creek Estates,67,1959,37.723,-121.473,37.7226413,-121.4733708,2,,,Ranch,,2,6/27/25,0
c,1,69,912321103,AN45408251,884-403-20,219 Wild Rose Way,Valleybrook,93711,Madera,6/28/25,186,7/31/25,Sold,1735000,3979,1530000,1477000,920,"1,885.87",2,1,5041,462,Riverside,111,1913,37.721,-121.417,37.7208106,-121.4169596,1,,,,,39,5/20/25,0
c,1,71,993194602,AN60231696,425-713-64,144 Tanager Way,Valleybrook,93713,Madera,6/27/25,187,8/26/25,Sold,4397000,10144,4134000,4084000,4855,905.66,5,4,11750,471,Summit Terrace,83,1943,37.714,-121.474,37.7143991,-121.4737082,3,,,,,14,6/13/25,0
c,1,70,999211455,AN81684250,676-171-48,133 Wild Rose Way,Valleybrook,93711,Madera,6/27/25,187,7/21/25,Sold,2780000,6165,2629000,2650000,1360,"2,044.12",2,1,7237,460,Central Park,75,1950,37.711,-121.434,37.7107738,-121.4335477,1,,,,,27,5/31/25,0
c,1,72,943951077,AN52323714,335-773-36,100 Tanager Way,Valleybrook,93710,Madera,6/25/25,189,7/16/25,Sold,2210000,4696,1959000,2059000,1210,"1,826.45",2,1.5,7903,462,Riverside,105,1918,37.719,-121.419,37.718806,-121.4192064,3,,,Craftsman,Neighborhood,9,6/16/25,0
c,1,74,927930832,AN64464528,531-527-68,100 Walnut Creek Court,Valleybrook,93712,Madera,6/24/25,190,7/28/25,Sold,2900000,8686,2689000,2680000,2455,"1,181.26",3,2.5,5002,461,Valleybrook Downtown,103,1923,37.715,-121.425,37.7149897,-121.4253332,2,,,"Contemporary,Farm House",Neighborhood,12,6/12/25,0
c,1,73,983932889,AN91971952,741-542-18,1543 Robin Lane,Valleybrook,93710,Madera,6/24/25,190,7/9/25,Sold,2670000,6999,2433000,2674000,1890,"1,412.70",3,2.5,6112,466,Creekview Estates,95,1930,37.723,-121.465,37.7234011,-121.4645776,2,,,,,24,5/31/25,0
c,1,75,964992661,AN22956471,324-215-46,220 Meadowlark Drive,Valleybrook,93713,Madera,6/23/25,191,8/20/25,Sold,3284000,7098,2989000,2953000,1880,"1,746.81",4,2.5,4861,462,Riverside,84,1941,37.724,-121.419,37.7237429,-121.4193203,2,,,,Neighborhood,21,6/2/25,0
c,1,76,963632249,AN27758896,762-277-86,1311 Juniper Ridge Road,Valleybrook,93710,Madera,6/21/25,193,7/24/25,Sold,2209000,6159,1768000,1810000,1330,"1,660.90",2,1,5996,467,Heritage Gate,90,1937,37.726,-121.451,37.7258351,-121.4507811,1,,,,,29,5/23/25,0
c,1,77,919850853,AN65072076,976-325-94,2111 Osprey Way,Valleybrook,93710,Madera,6/19/25,195,7/7/25,Sold,3089000,7095,2969000,2911000,2300,"1,343.04",3,2.5,5426,466,Creekview Estates,101,1923,37.717,-121.451,37.7168907,-121.451485,1,,,Tudor,Neighborhood,14,6/5/25,0
c,1,78,901445395,AN95464025,220-633-49,3007 Eucalyptus Lane,Valleybrook,93712,Madera,6/18/25,196,8/1/25,Sold,3034000,8801,2998000,2967000,2890,"1,049.83",3,2.5,13067,471,Summit Terrace,47,1976,37.712,-121.471,37.71225,-121.4709269,2,,,,,31,5/18/25,0
c,1,79,919834720,AN62425387,557-838-71,1813 Oak Valley Drive,Valleybrook,93712,Madera,6/17/25,197,6/30/25,Sold,2955000,8722,2538000,2587000,2000,"1,477.50",3,3,13166,472,Mill Creek Estates,59,1964,37.72,-121.484,37.7196844,-121.4837128,2,,,,,14,6/3/25,0
c,1,80,984602558,AN33420365,250-992-89,2287 Stonegate Drive,Valleybrook,93711,Madera,6/14/25,200,7/21/25,Sold,7570000,16204,7183000,7368000,4110,"1,841.85",4,4.5,23627,466,Creekview Estates,102,1926,37.718,-121.457,37.7179391,-121.4569404,2,,,,,10,6/4/25,0
c,1,81,923113253,AN50894029,129-862-25,1480 Cardinal Way,Valleybrook,93712,Madera,6/13/25,201,7/3/25,Sold,1077000,2790,1118000,1072000,1420,758.45,2,2,1581,466,Creekview Estates,40,1983,37.723,-121.451,37.723123,-121.4513436,1,,,,,26,5/18/25,0
c,1,82,987715861,AN56676884,221-282-78,1201 Boulder Creek Drive,Valleybrook,93711,Madera,6/12/25,202,6/26/25,Sold,2881000,7414,2537000,2670000,1710,"1,684.80",3,2,5974,466,Creekview Estates,102,1924,37.719,-121.453,37.7186561,-121.4525034,2,,,"Mediterranean,Spanish",,10,6/2/25,0
c,1,83,939620038,AN57268285,273-243-79,1205 Magnolia Way,Valleybrook,93713,Madera,6/11/25,203,6/11/25,Sold,899000,1895,921000,901000,991,907.16,2,2,1139,461,Valleybrook Downtown,44,1977,37.72,-121.434,37.7197241,-121.4344521,2,,,,,3,6/8/25,0
c,1,85,959007608,AN26523557,954-484-13,2904 River Stone Court,Valleybrook,93711,Madera,6/10/25,204,7/7/25,Sold,3369000,8338,2892000,2891000,2930,"1,149.83",3,2.5,59951,471,Summit Terrace,74,1953,37.718,-121.472,37.7180114,-121.4720017,3,,,,,16,5/25/25,0
c,1,84,978786439,AN25331969,456-460-68,1228 Sierra Vista Way,Valleybrook,93713,Madera,6/10/25,204,7/11/25,Sold,3827000,9940,3768000,3744000,2370,"1,614.77",4,3,7211,465,Eastside Terrace,110,1915,37.721,-121.441,37.7213047,-121.4411496,2,,,,,33,5/8/25,0
c,1,86,931076043,AN41758221,207-278-59,2210 Kingfisher Court,Valleybrook,93712,Madera,6/9/25,205,6/23/25,Sold,2640000,7239,2685000,2678000,1557,"1,695.57",3,2,6000,466,Creekview Estates,96,1925,37.721,-121.46,37.7207131,-121.4595405,2,,,Tudor,"Garden / Greenbelt,Mountains,Neighborhood",40,4/30/25,0
c,1,87,976778111,AN24599356,597-741-72,821 Ironwood Avenue,Valleybrook,93713,Madera,6/7/25,207,6/23/25,Sold,4529000,13107,4266000,4353000,2829,"1,600.92",3,2.5,6146,460,Central Park,106,1921,37.718,-121.443,37.7175178,-121.443274,2,,,"Colonial,Farm House,Traditional",Neighborhood,36,5/2/25,0
c,1,88,909126002,AN74114251,625-174-82,521 Magnolia Way,Valleybrook,93711,Madera,6/6/25,208,6/27/25,Sold,674000,1542,704000,695000,959,702.82,1,1,1000,461,Valleybrook Downtown,50,1976,37.716,-121.436,37.7162738,-121.436414,0,,,,,21,5/16/25,0
c,1,89,971083363,AN95757950,178-626-34,1494 Granite Peak Lane,Valleybrook,93712,Madera,6/3/25,211,7/17/25,Sold,965000,2721,969000,1073000,1420,679.58,2,2,1466,460,Central Park,46,1979,37.714,-121.431,37.7135441,-121.4309828,2,,,Mediterranean,"Mountains,Neighborhood",38,4/26/25,0
c,1,90,978176784,AN69500546,757-521-90,862 Oriole Drive,Valleybrook,93711,Madera,6/3/25,211,6/23/25,Sold,4453000,11422,4256000,4128000,2860,"1,556.99",5,5,5328,465,Eastside Terrace,4,2020,37.72,-121.441,37.7203123,-121.441447,0,,,,,7,5/27/25,0
c,1,92,974797064,AN31742644,188-684-33,521 Osprey Way,Valleybrook,93710,Madera,6/2/25,212,6/24/25,Sold,1372000,3900,1393000,1543000,1485,923.91,3,2,1382,461,Valleybrook Downtown,50,1976,37.716,-121.436,37.7163309,-121.436052,2,,,,,18,5/15/25,0
c,1,91,954126921,AN41541166,180-570-66,1349 Walnut Creek Court,Valleybrook,93713,Madera,6/2/25,212,6/23/25,Sold,5090000,14807,4683000,4799000,3860,"1,318.65",5,4.5,5990,466,Creekview Estates,29,1995,37.72,-121.456,37.7198158,-121.456361,2,,,,,21,5/12/25,0
c,1,93,988550256,AN73791320,662-269-43,1001 Falcon Ridge Drive,Valleybrook,93711,Madera,5/28/25,217,6/20/25,Sold,2204000,5740,2011000,2054000,1660,"1,327.71",4,3,9451,465,Eastside Terrace,118,1908,37.721,-121.446,37.7211359,-121.4455285,2,,,,,7,5/21/25,0
c,1,94,957170552,AN45842449,508-654-29,821 Mariposa Avenue,Valleybrook,93712,Madera,5/28/25,217,6/24/25,Sold,2707000,6314,2736000,2657000,1957,"1,383.24",3,2,4177,465,Eastside Terrace,98,1923,37.72,-121.443,37.7197611,-121.4429291,2,,,,,23,5/5/25,0
c,1,95,989053757,AN92528662,166-271-75,1548 Sierra Vista Way,Valleybrook,93713,Madera,5/24/25,221,6/9/25,Sold,2831000,6117,2859000,2837000,1742,"1,625.14",4,2,8028,466,Creekview Estates,98,1930,37.724,-121.464,37.7239194,-121.464295,1,,,English,,26,4/28/25,0
c,1,96,933894767,AN26700614,485-932-80,541 Sparrow Creek Road,Valleybrook,93710,Madera,5/22/25,223,6/2/25,Sold,2392000,7053,2474000,2502000,1906,"1,254.98",4,2.5,6258,464,Garden District,120,1908,37.724,-121.431,37.7235652,-121.4311517,1,,,Tudor,Neighborhood,21,5/1/25,0
c,1,97,913613510,AN74355957,907-984-83,1317 Pine Meadow Drive,Valleybrook,93713,Madera,5/19/25,226,5/28/25,Sold,1211000,2585,1314000,1273000,1210,"1,000.83",2,1,4191,467,Heritage Gate,102,1921,37.727,-121.45,37.7266216,-121.4497216,1,,One Story,Farm House,Other,13,5/6/25,0
c,1,98,997953695,AN68237550,477-251-71,100 Pelican Drive,Valleybrook,93711,Madera,5/16/25,229,6/6/25,Sold,2449000,7326,1961000,1961000,1420,"1,724.65",2,1,7865,462,Riverside,103,1925,37.718,-121.419,37.7180754,-121.4194012,2,,,Bungalow,,39,4/7/25,0
c,1,99,994123965,AN98588154,297-508-52,1039 Oak Valley Drive,Valleybrook,93711,Madera,5/14/25,231,7/14/25,Sold,2396000,5988,2465000,2744000,1430,"1,675.52",2,1,6014,466,Creekview Estates,105,1923,37.719,-121.448,37.7190947,-121.4478934,1,,,,Neighborhood,37,4/7/25,0
c,1,100,916154220,AN75647021,858-719-55,2897 Meadow Creek Lane,Valleybrook,93711,Madera,5/13/25,232,2/12/25,Sold,2964000,8211,2888000,,1946,"1,523.12",4,2.5,8376,471,Summit Terrace,64,1961,37.717,-121.472,37.7169242,-121.4719749,2,,,Contemporary,"Bay,Canyon,City Lights",15,4/28/25,0
c,1,102,917102306,AN22870221,860-803-64,556 Boulder Creek Drive,Valleybrook,93712,Madera,5/9/25,236,6/6/25,Sold,1071000,3012,1177000,1155000,1140,939.47,2,2,1144,461,Valleybrook Downtown,28,1999,37.716,-121.437,37.7161052,-121.4372401,2,,,,,6,5/3/25,0
c,1,101,912113513,AN40780751,397-920-30,225 Granite Peak Lane,Valleybrook,93713,Madera,5/9/25,236,6/9/25,Sold,4380000,12714,4255000,4913000,3245,"1,349.77",4,3.5,7555,460,Central Park,92,1929,37.711,-121.435,37.7110841,-121.4347917,2,,,Tudor,"Neighborhood,Garden / Greenbelt",40,3/30/25,0
c,1,104,973564403,AN22008959,933-312-67,443 Pelican Drive,Valleybrook,93711,Madera,5/5/25,240,5/23/25,Sold,2645000,5373,2433000,2448000,1525,"1,734.43",3,2,5625,463,Grove Manor,78,1947,37.723,-121.428,37.7228123,-121.4275285,1,,,,,21,4/14/25,0
c,1,103,920855594,AN94181424,571-985-78,1431 Primrose Lane,Valleybrook,93713,Madera,5/5/25,240,5/6/25,Sold,2303000,4950,1995000,2038000,1140,"2,020.18",2,1,6018,466,Creekview Estates,76,1951,37.724,-121.458,37.7239782,-121.4583923,2,,,,,25,4/10/25,0
c,1,105,941672868,AN17158543,488-822-46,2695 Wild Rose Way,Valleybrook,93711,Madera,5/4/25,241,5/19/25,Sold,2991000,8680,2826000,2856000,1940,"1,541.75",3,2,10643,471,Summit Terrace,73,1951,37.713,-121.468,37.7125291,-121.4681809,2,,,,Bay,33,4/1/25,0
c,1,107,976135229,AN32328873,733-264-78,100 Hillcrest Avenue,Valleybrook,93712,Madera,5/2/25,243,5/23/25,Sold,2863000,6313,3080000,4081000,2291,"1,249.67",4,4.5,5189,462,Riverside,1,2021,37.721,-121.415,37.7208156,-121.4145474,1,,,"Contemporary,Modern / High Tech",,1,5/1/25,0
c,1,106,961605671,AN43822694,323-577-48,1337 River Stone Court,Valleybrook,93712,Madera,5/2/25,243,5/15/25,Sold,4567000,13438,5046000,4919000,2942,"1,552.35",4,4.5,5973,467,Heritage Gate,3,2024,37.725,-121.451,37.7251979,-121.4513817,1,,,,,32,3/31/25,0
c,1,109,986207066,AN13411007,656-229-22,2986 Finch Hollow Lane,Valleybrook,93713,Madera,5/1/25,244,5/21/25,Sold,4112000,11327,4484000,4688000,3620,"1,135.91",5,4.5,11005,472,Mill Creek Estates,60,1964,37.717,-121.478,37.7168173,-121.4780624,2,,,,,13,4/18/25,0
c,1,108,974854623,AN41626932,296-220-77,1470 Fox Run Court,Valleybrook,93710,Madera,5/1/25,244,5/30/25,Sold,2952000,6482,2971000,3014000,2425,"1,217.32",3,2,6935,467,Heritage Gate,98,1927,37.727,-121.457,37.7270298,-121.4566873,1,,,Tudor,"Garden / Greenbelt,Neighborhood",5,4/26/25,0
c,1,110,921197304,AN20272170,873-207-74,1616 Granite Peak Lane,Valleybrook,93710,Madera,4/29/25,246,5/29/25,Sold,3912000,9073,3956000,3986000,3040,"1,286.84",4,3,6577,466,Creekview Estates,15,2010,37.723,-121.466,37.7234297,-121.4657104,1,,,Luxury,Neighborhood,18,4/11/25,0
c,1,111,949981337,AN29053714,136-340-99,245 Kingfisher Court,Valleybrook,93710,Madera,4/29/25,246,5/27/25,Sold,2825000,7065,3147000,3182000,1690,"1,671.60",3,2,7494,462,Riverside,41,1982,37.72,-121.424,37.7195675,-121.4243986,2,,,Contemporary,Neighborhood,2,4/27/25,0
c,1,112,944430783,AN22712374,162-739-69,2586 Sage Brush Road,Valleybrook,93713,Madera,4/29/25,246,5/6/25,Sold,3721000,7885,2679000,2772000,2040,"1,824.02",4,3,6993,472,Mill Creek Estates,66,1956,37.725,-121.472,37.7247975,-121.4723115,2,,,,,25,4/4/25,0
c,1,114,905414590,AN25546247,347-411-80,825 Wren Court,Valleybrook,93712,Madera,4/22/25,253,5/14/25,Sold,2673000,5532,2502000,2490000,1960,"1,363.78",3,1,7929,465,Eastside Terrace,109,1915,37.721,-121.439,37.7213806,-121.4388074,2,,,Traditional,Neighborhood,24,3/29/25,0
c,1,113,941341326,AN67082519,676-502-63,2841 Primrose Lane,Valleybrook,93713,Madera,4/22/25,253,5/7/25,Sold,3142000,8203,2971000,2818000,1970,"1,594.92",3,2,7759,472,Mill Creek Estates,61,1964,37.723,-121.479,37.7231138,-121.4787047,2,,,Ranch,"Bay,Neighborhood",15,4/7/25,0
c,1,115,967798790,AN31390345,525-656-78,127 Vineyard Way,Valleybrook,93710,Madera,4/20/25,255,4/30/25,Sold,16901000,39231,13378000,13811000,8212,"2,058.09",5,6.5,21596,460,Central Park,101,1924,37.71,-121.435,37.7095286,-121.4347998,2,,,"Modern / High Tech,Tudor",,39,3/12/25,0
c,1,116,928147161,AN93774355,831-397-97,1336 Willow Springs Drive,Valleybrook,93711,Madera,4/18/25,257,5/8/25,Sold,1892000,4126,1716000,1747000,1230,"1,538.21",2,1.5,4055,465,Eastside Terrace,103,1924,37.721,-121.442,37.7206077,-121.4423121,2,,,Cottage,Neighborhood,7,4/11/25,0
c,1,117,968676872,AN73051358,154-516-36,100 Walnut Creek Court,Valleybrook,93710,Madera,4/15/25,260,5/16/25,Sold,3002000,6029,3016000,3019000,2240,"1,340.18",4,2,15277,472,Mill Creek Estates,61,1962,37.721,-121.482,37.7209177,-121.4819462,2,,,Eichler,"Bay,Bridge ,Neighborhood",5,4/10/25,0
c,1,118,986475652,AN28865664,341-214-83,1494 Amber Hills Way,Valleybrook,93710,Madera,4/14/25,261,4/29/25,Sold,3245000,9216,3385000,2583000,2580,"1,257.75",4,2.5,35961,471,Summit Terrace,52,1974,37.716,-121.476,37.7156384,-121.4761981,2,,,,"Bay,Forest / Woods",5,4/9/25,0
c,1,119,949303460,AN99617131,381-500-59,2162 Poplar Avenue,Valleybrook,93713,Madera,4/11/25,264,5/16/25,Sold,2808000,6178,2439000,2486000,1745,"1,609.17",3,2,8388,472,Mill Creek Estates,68,1955,37.727,-121.472,37.7272916,-121.4722209,2,,,"Contemporary,Ranch",Neighborhood,22,3/20/25,0
c,1,120,992111648,AN94597104,760-186-84,1271 Wren Court,Valleybrook,93712,Madera,4/9/25,266,4/30/25,Sold,4453000,12497,4608000,4380000,3251,"1,369.73",4,4.5,6915,466,Creekview Estates,22,2003,37.719,-121.454,37.7187114,-121.454405,2,,,,,38,3/2/25,0
c,1,121,944735895,AN53091709,786-207-30,1096 Foothill Drive,Valleybrook,93713,Madera,4/8/25,267,4/29/25,Sold,4670000,13869,4547000,4438000,2981,"1,566.59",4,4.5,6014,466,Creekview Estates,10,2014,37.721,-121.448,37.7206244,-121.4478054,2,,,Craftsman,Neighborhood,37,3/2/25,0
c,1,122,967259613,AN78506338,192-506-56,1355 Alder Creek Way,Valleybrook,93713,Madera,4/7/25,268,4/14/25,Sold,2550000,6855,2651000,2858000,2330,"1,094.42",5,2,5986,466,Creekview Estates,105,1921,37.722,-121.457,37.7219226,-121.4565239,1,,,,,6,4/1/25,0
c,1,123,965321753,AN54494335,973-192-50,100 Vineyard Way,Valleybrook,93710,Madera,4/6/25,269,5/21/25,Sold,1383000,3778,1337000,1368000,1370,"1,009.49",2,2.5,1000,461,Valleybrook Downtown,45,1978,37.713,-121.427,37.7134369,-121.4271348,2,,,,,32,3/5/25,0
c,1,125,900360788,AN35071163,684-278-66,100 Granite Peak Lane,Valleybrook,93713,Madera,3/31/25,275,4/15/25,Sold,2630000,5495,2433000,2462000,2630,"1,000.00",4,3,13868,471,Summit Terrace,68,1960,37.714,-121.47,37.7135678,-121.4698103,3,,,,"Canyon,Greenbelt,Hills",15,3/16/25,0
c,1,124,919960983,AN30833152,137-181-17,711 Copper Creek Way,Valleybrook,93713,Madera,3/31/25,275,4/25/25,Sold,3041000,7163,2638000,2636000,2110,"1,441.23",3,2.5,4981,463,Grove Manor,89,1933,37.721,-121.425,37.720864,-121.4248683,1,,,,,35,2/24/25,0
c,1,126,976060638,AN62231715,793-653-52,1190 Hazel Ridge Way,Valleybrook,93711,Madera,3/27/25,279,4/7/25,Sold,704000,1935,708000,710000,780,902.56,1,1,1000,461,Valleybrook Downtown,46,1977,37.718,-121.432,37.7184178,-121.4315153,1,,,,,0,3/27/25,0
c,1,127,956153459,AN86409465,298-527-29,711 Vineyard Way,Valleybrook,93711,Madera,3/27/25,279,4/14/25,Sold,3758000,9481,3613000,3704000,2256,"1,665.78",4,2.5,4976,462,Riverside,87,1935,37.721,-121.424,37.7205805,-121.4238621,1,,,,,34,2/21/25,0
c,1,128,982903638,AN66813149,853-711-42,1535 Wild Rose Way,Valleybrook,93713,Madera,3/25/25,281,4/24/25,Sold,1218000,2973,1325000,1362000,1390,876.26,2,2,1255,461,Valleybrook Downtown,48,1979,37.716,-121.437,37.7164598,-121.4370039,2,,,,,32,2/21/25,0
c,1,129,924354859,AN42161649,870-711-85,1530 Pelican Drive,Valleybrook,93710,Madera,3/25/25,281,4/15/25,Sold,3149000,7058,2796000,2796000,2190,"1,437.90",3,3,6994,469,Village Square,82,1941,37.73,-121.458,37.7301007,-121.458136,1,,,,Park,0,3/25/25,0
c,1,130,904967155,AN81600729,640-140-53,2027 Summit View Road,Valleybrook,93713,Madera,3/24/25,282,4/24/25,Sold,3011000,6390,2921000,2925000,1990,"1,513.07",3,2.5,16901,470,Vista Park,75,1950,37.725,-121.465,37.7245063,-121.4647706,2,,,Traditional,"Neighborhood,Other Water",38,2/14/25,0
c,1,131,983464930,AN89231776,527-273-56,350 Kingfisher Court,Valleybrook,93710,Madera,3/20/25,286,4/21/25,Sold,3372000,7565,3041000,3057000,2760,"1,221.74",5,2,5092,460,Central Park,112,1914,37.714,-121.435,37.7135538,-121.4345368,1,,,,,21,2/27/25,0
c,1,132,911316066,AN97890153,499-416-39,1406 River Stone Court,Valleybrook,93711,Madera,3/19/25,287,4/9/25,Sold,3989000,10515,3946000,4383000,2786,"1,431.80",4,4.5,6019,466,Creekview Estates,8,2014,37.722,-121.459,37.7218642,-121.4589949,1,,,Spanish,,30,2/17/25,0
c,1,133,949694974,AN58827665,116-409-49,1825 Bear Creek Road,Valleybrook,93710,Madera,3/19/25,287,4/4/25,Sold,3220000,8811,2747000,2720000,2240,"1,437.50",4,2,10453,472,Mill Creek Estates,62,1964,37.722,-121.481,37.7215038,-121.4810028,2,,,,,13,3/6/25,0
c,1,136,912412607,AN53804166,156-722-92,1490 Rolling Hills Lane,Valleybrook,93712,Madera,3/18/25,288,4/9/25,Sold,962000,2725,1001000,1016000,1291,745.16,2,2,1000,466,Creekview Estates,50,1971,37.722,-121.45,37.722055,-121.4498605,1,,,,,6,3/12/25,0
c,1,137,915692917,AN24284340,331-755-92,505 Silver Leaf Way,Valleybrook,93713,Madera,3/18/25,288,4/15/25,Sold,3042000,7056,3049000,3060000,2730,"1,114.29",4,4.5,6223,464,Garden District,107,1918,37.724,-121.431,37.7243886,-121.4311177,2,,,,,31,2/15/25,0
c,1,135,905636254,AN18060088,161-464-92,135 Poplar Avenue,Valleybrook,93712,Madera,3/18/25,288,4/4/25,Sold,2940000,6418,3057000,3120000,2193,"1,340.63",3,2,20264,471,Summit Terrace,65,1962,37.709,-121.472,37.7087024,-121.4718353,0,,,,,28,2/18/25,0
c,1,134,910598952,AN44269370,782-109-69,1115 Cypress Point Drive,Valleybrook,93712,Madera,3/18/25,288,4/2/25,Sold,2253000,4545,1989000,1928000,1366,"1,649.34",3,1,4015,465,Eastside Terrace,82,1945,37.722,-121.44,37.7215389,-121.4396184,1,,,,,8,3/10/25,0
c,1,138,991741251,AN32068284,366-181-97,914 Tanager Way,Valleybrook,93712,Madera,3/10/25,296,4/1/25,Sold,3290000,9148,2858000,2894000,2538,"1,296.30",5,4,6875,465,Eastside Terrace,100,1924,37.722,-121.44,37.722213,-121.4401001,1,,,,,33,2/5/25,0
c,1,139,961499176,AN95202397,369-887-30,3035 Cedar Brook Court,Valleybrook,93712,Madera,3/7/25,299,3/21/25,Sold,3719000,10928,3044000,3003000,3340,"1,113.47",4,4,8471,471,Summit Terrace,43,1981,37.715,-121.475,37.7146142,-121.4750248,3,,,,Bay,14,2/21/25,0
c,1,140,985726382,AN49599276,476-729-38,100 Golden Eagle Lane,Valleybrook,93710,Madera,3/6/25,300,3/28/25,Sold,3249000,7993,3032000,3035000,3480,933.62,4,3,16298,471,Summit Terrace,77,1951,37.716,-121.47,37.7156875,-121.4704879,2,,,,"Bay,Bridge",8,2/26/25,0
c,1,141,993445620,AN11846825,523-209-53,740 Ironwood Avenue,Valleybrook,93710,Madera,3/1/25,305,3/14/25,Sold,1364000,3049,1261000,1306000,1441,946.56,2,2.5,1000,465,Eastside Terrace,39,1987,37.718,-121.441,37.7176711,-121.4406608,2,,,,,11,2/18/25,0
c,1,142,906080513,AN15222944,240-830-52,1117 Creekside Court,Valleybrook,93710,Madera,2/27/25,307,3/20/25,Sold,1604000,4407,1452000,1419000,1422,"1,127.99",2,2.5,1000,465,Eastside Terrace,18,2009,37.723,-121.448,37.7230123,-121.4477459,2,,,,,8,2/19/25,0
c,1,143,906292676,AN56226575,758-787-58,1225 Wren Court,Valleybrook,93713,Madera,2/27/25,307,4/1/25,Sold,2919000,6354,2471000,2485000,2290,"1,274.67",3,2,3993,465,Eastside Terrace,100,1925,37.723,-121.443,37.7228643,-121.4429166,1,,,,,14,2/13/25,0
c,1,145,931112045,AN38617427,414-613-49,2861 Heron Point Road,Valleybrook,93710,Madera,2/27/25,307,3/20/25,Sold,5193000,14506,5308000,5172000,3508,"1,480.33",5,4,18339,471,Summit Terrace,6,2020,37.718,-121.467,37.7175898,-121.4674663,2,,,,,4,2/23/25,0
c,1,144,938827999,AN97161631,564-488-51,2330 Copper Creek Way,Valleybrook,93712,Madera,2/27/25,307,3/17/25,Sold,3368000,9525,3290000,3305000,1950,"1,727.18",3,2,6549,466,Creekview Estates,101,1925,37.721,-121.463,37.7213139,-121.4632152,1,,,,,31,1/27/25,0
c,1,146,975493830,AN23327047,257-762-56,1515 Sand Piper Way,Valleybrook,93713,Madera,2/25/25,309,3/18/25,Sold,2238000,6198,1839000,1919000,1190,"1,880.67",2,2,5259,469,Village Square,82,1940,37.728,-121.459,37.7282752,-121.4588457,1,,,,,9,2/16/25,0
c,1,147,980117857,AN90268079,903-432-59,1214 Redwood Terrace,Valleybrook,93710,Madera,2/24/25,310,3/24/25,Sold,903000,2122,945000,966000,1275,708.24,2,2,1253,461,Valleybrook Downtown,48,1981,37.719,-121.431,37.7185028,-121.4310632,2,,,,,15,2/9/25,0
c,1,148,979287426,AN16249742,848-173-97,729 Rolling Hills Lane,Valleybrook,93711,Madera,2/20/25,314,3/3/25,Sold,2464000,5904,2466000,2367000,870,"2,832.18",4,2,10920,464,Garden District,111,1911,37.723,-121.434,37.7226351,-121.4338749,2,,,,,21,1/30/25,0
c,1,149,930801123,AN74709513,908-887-58,1357 Poplar Avenue,Valleybrook,93713,Madera,2/19/25,315,2/19/25,Sold,3107000,6883,3192000,,2350,"1,322.13",3,2.5,5982,466,Creekview Estates,93,1932,37.719,-121.459,37.719412,-121.459245,2,,,,,29,1/21/25,0
c,1,150,914305720,AN63057930,109-651-68,1618 Pelican Drive,Valleybrook,93711,Madera,2/19/25,315,2/28/25,Sold,2448000,6143,2440000,2366000,1320,"1,854.55",2,1,5505,470,Vista Park,77,1948,37.727,-121.465,37.7272299,-121.4647067,1,,,,,22,1/28/25,0
c,1,151,944819596,AN37696190,611-837-59,457 Bluebird Ridge Road,Valleybrook,93711,Madera,2/18/25,316,3/14/25,Sold,2473000,7152,2592000,2582000,1350,"1,831.85",2,1,5363,463,Grove Manor,88,1940,37.722,-121.43,37.722303,-121.4295653,0,,,,,14,2/4/25,0
c,1,152,965345452,AN58616740,716-834-25,1350 Summit View Road,Valleybrook,93711,Madera,2/14/25,320,2/14/25,Sold,4528000,12788,4462000,,2974,"1,522.53",5,5.5,5977,466,Creekview Estates,14,2013,37.72,-121.459,37.7197944,-121.4589083,2,,,,,5,2/9/25,0
c,1,153,969873032,AN40704198,412-750-21,1688 Wild Rose Way,Valleybrook,93713,Madera,2/9/25,325,3/7/25,Sold,2984000,6083,2683000,2668000,2180,"1,368.81",4,2,7486,472,Mill Creek Estates,58,1964,37.716,-121.483,37.7163546,-121.4826321,2,,,,,19,1/21/25,0
c,1,154,978775038,AN79918804,561-523-31,1406 Finch Hollow Lane,Valleybrook,93712,Madera,2/7/25,327,2/20/25,Sold,3679000,9330,3680000,3840000,3470,"1,060.23",5,3,6573,466,Creekview Estates,110,1913,37.724,-121.457,37.723882,-121.4572008,3,,,Craftsman,,22,1/16/25,0
c,1,155,944953500,AN42028739,652-216-93,1499 Robin Lane,Valleybrook,93711,Madera,2/6/25,328,3/3/25,Sold,1678000,4407,1796000,1758000,1850,907.03,2,2.5,2086,461,Valleybrook Downtown,28,1997,37.717,-121.439,37.7168113,-121.4387855,2,,,,,11,1/26/25,0
c,1,156,989927658,AN87566910,619-317-29,1111 Fox Run Court,Valleybrook,93712,Madera,2/3/25,331,3/25/25,Sold,2221000,4997,2159000,2529000,2780,798.92,4,2,5746,465,Eastside Terrace,91,1932,37.723,-121.446,37.7233398,-121.4462114,2,,,,,36,12/29/24,0
c,1,157,913825676,AN22825003,165-999-70,1392 Pine Meadow Drive,Valleybrook,93713,Madera,2/3/25,331,2/18/25,Sold,3422000,7516,3401000,3777000,2780,"1,230.94",4,3.5,8968,467,Heritage Gate,101,1926,37.727,-121.456,37.7267392,-121.456314,2,,,,,39,12/26/24,0
c,1,158,918012011,AN77674279,579-379-34,1150 Heron Point Road,Valleybrook,93713,Madera,2/2/25,332,2/24/25,Sold,2201000,4950,2168000,2220000,1080,"2,037.96",2,1,5984,466,Creekview Estates,101,1922,37.718,-121.452,37.7179688,-121.4520566,1,,,,None,2,1/31/25,0
c,1,159,939925737,AN25111140,188-842-40,100 Meadowlark Drive,Valleybrook,93711,Madera,1/24/25,341,2/28/25,Sold,1823000,3719,1533000,1516000,950,"1,918.95",3,2,2500,464,Garden District,93,1932,37.725,-121.432,37.7246572,-121.4324576,0,,,"Bungalow,Spanish","Garden / Greenbelt,Mountains",7,1/17/25,0
c,1,160,958095862,AN98813650,844-354-71,1338 Tanager Way,Valleybrook,93710,Madera,1/23/25,342,2/3/25,Sold,4252000,10448,4172000,4099000,3020,"1,407.95",4,4.5,6020,466,Creekview Estates,97,1924,37.722,-121.455,37.7219084,-121.4554808,2,,,,Neighborhood,31,12/23/24,0
c,1,161,908522597,AN98393430,220-285-86,1645 Silver Leaf Way,Valleybrook,93710,Madera,1/23/25,342,2/18/25,Sold,3003000,8942,2763000,2839000,1640,"1,831.10",3,2,5486,470,Vista Park,75,1947,37.728,-121.464,37.7281471,-121.4642561,2,,,Ranch,,12,1/11/25,0
c,1,162,949535555,AN41006711,644-494-34,1422 Acacia Court,Valleybrook,93710,Madera,1/17/25,348,1/30/25,Sold,4123000,10677,4238000,4216000,3030,"1,360.73",4,3,6112,466,Creekview Estates,26,2002,37.719,-121.462,37.7187849,-121.4624814,2,,,"Contemporary,Modern / High Tech","Bay,City Lights,Garden / Greenbelt,Water",20,12/28/24,0
c,1,163,933251599,AN68754920,549-636-76,1106 Sycamore Terrace,Valleybrook,93710,Madera,1/9/25,356,1/9/25,Sold,4630000,10616,4562000,,3065,"1,510.60",5,4.5,7558,466,Creekview Estates,14,2012,37.719,-121.45,37.7187519,-121.4498582,2,,,,,24,12/16/24,0
c,1,164,955876491,AN80675216,552-810-50,2117 Pine Meadow Drive,Valleybrook,93710,Madera,1/7/25,358,1/24/25,Sold,2551000,7347,2624000,2573000,1785,"1,429.13",3,2.5,4257,466,Creekview Estates,101,1926,37.716,-121.451,37.716217,-121.4510675,2,,,Modern / High Tech,"Neighborhood,Garden / Greenbelt",25,12/13/24,0
s,1,165,923508806,AN38737174,381-550-62,1505 Ivy Glen Lane,Valleybrook,93710,Madera,1/2/25,363,1/31/25,Sold,764000,1729,803000,798000,1250,611.2,2,1,1099,460,Central Park,52,1975,37.718,-121.442,37.7176327,-121.4417962,1,,,Contemporary,"Neighborhood,Other",2,12/31/24,0
c,1,166,904810369,AN22499198,886-406-51,1445 Robin Lane,Valleybrook,93712,Madera,12/29/24,367,12/29/24,Sold,1612000,3796,1613000,1583000,1739,926.97,2,2,2117,461,Valleybrook Downtown,44,1979,37.717,-121.434,37.7166652,-121.4342142,2,,,,,36,11/23/24,0
c,1,167,948696493,AN11327694,175-466-13,1568 Sycamore Terrace,Valleybrook,93710,Madera,12/19/24,377,1/15/25,Sold,3010000,7794,2691000,2740000,2020,"1,490.10",3,2,5998,466,Creekview Estates,94,1927,37.724,-121.463,37.7242321,-121.4632402,2,,,,,40,11/9/24,0
c,1,168,960549061,AN94586329,514-543-50,1331 Creekside Court,Valleybrook,93713,Madera,12/18/24,378,1/16/25,Sold,2319000,4850,2273000,2255000,1200,"1,932.50",2,1,5974,466,Creekview Estates,103,1922,37.722,-121.456,37.7217643,-121.4562419,1,,,,,13,12/5/24,0
c,1,169,903954845,AN86893142,256-536-49,1432 Blue Jay Way,Valleybrook,93713,Madera,12/17/24,379,1/14/25,Sold,4918000,12452,4553000,4612000,2970,"1,655.89",4,4,5989,466,Creekview Estates,12,2017,37.722,-121.46,37.7221802,-121.4595595,2,,,Mediterranean,,23,11/24/24,0
c,1,170,957911411,AN38463020,254-506-74,2114 Canyon View Court,Valleybrook,93712,Madera,12/5/24,391,12/30/24,Sold,3261000,6641,3255000,3276000,2730,"1,194.51",3,2.5,5057,466,Creekview Estates,97,1927,37.722,-121.46,37.7220687,-121.460434,1,,,,,20,11/15/24,0
c,1,171,973989546,AN29413516,492-295-86,1100 Bluebird Ridge Road,Valleybrook,93713,Madera,11/29/24,397,12/20/24,Sold,2361000,7025,2555000,2553000,1888,"1,250.53",4,3,4010,465,Eastside Terrace,102,1925,37.724,-121.443,37.72376,-121.4429074,1,,,,,33,10/27/24,0
c,1,172,935496015,AN25492573,209-860-80,1032 Deer Trail Lane,Valleybrook,93711,Madera,11/25/24,401,1/10/25,Sold,4892000,11313,4930000,5405000,3976,"1,230.38",5,5.5,11989,466,Creekview Estates,21,2006,37.719,-121.448,37.7188424,-121.4482224,2,,,Craftsman,,30,10/26/24,0
c,1,173,996824684,AN16892773,697-591-31,1140 Juniper Ridge Road,Valleybrook,93711,Madera,11/25/24,401,11/25/24,Sold,3054000,6871,3090000,,1950,"1,566.15",3,2,5984,466,Creekview Estates,86,1936,37.719,-121.451,37.7186423,-121.4514602,2,,,,,3,11/22/24,0
c,1,174,960742222,AN68540955,666-184-74,2979 Hawk Ridge Road,Valleybrook,93712,Madera,11/21/24,405,12/19/24,Sold,3237000,7609,2750000,2760000,2159,"1,499.31",5,2,7684,472,Mill Creek Estates,60,1963,37.721,-121.484,37.7213285,-121.4835005,1,,,Eichler,"Bay,Garden / Greenbelt,Hills",36,10/16/24,0
c,1,175,959352161,AN94743076,410-915-45,1095 Valley Oak Drive,Valleybrook,93713,Madera,11/20/24,406,11/20/24,Sold,3016000,8422,2973000,2923000,1950,"1,546.67",4,3,7965,469,Village Square,81,1940,37.729,-121.457,37.7290331,-121.4572935,1,,,,,35,10/16/24,0
c,1,176,981883092,AN74985553,296-352-45,1140 Fox Run Court,Valleybrook,93712,Madera,11/17/24,409,1/23/25,Sold,2775000,7715,2742000,2867000,2710,"1,023.99",4,3,6003,466,Creekview Estates,104,1921,37.719,-121.452,37.7187214,-121.4516013,2,,,,,36,10/12/24,0
c,1,178,989970857,AN94492003,892-318-97,1361 Bear Creek Road,Valleybrook,93711,Madera,11/15/24,411,1/20/25,Sold,4828000,12455,5072000,5207000,3030,"1,593.40",4,5,5970,466,Creekview Estates,4,2018,37.719,-121.458,37.7194563,-121.4575204,1,,,"Farm House,Modern / High Tech",Neighborhood,34,10/12/24,0
c,1,177,914464073,AN65629268,147-748-96,138 Rolling Hills Lane,Valleybrook,93712,Madera,11/15/24,411,12/12/24,Sold,5379000,13502,5585000,5479000,3316,"1,622.14",4,3.5,6932,460,Central Park,0,2025,37.71,-121.433,37.7102792,-121.4326715,1,,,Traditional,Neighborhood,34,10/12/24,0
c,1,179,958589370,AN17774227,343-337-21,2248 Ironwood Avenue,Valleybrook,93712,Madera,11/14/24,412,12/5/24,Sold,2765000,7894,2457000,2535000,1710,"1,616.96",3,2,7689,470,Vista Park,73,1948,37.725,-121.469,37.725125,-121.4686833,2,,,Ranch,,23,10/22/24,0
c,1,180,963815697,AN10033134,431-179-16,2620 Cormorant Lane,Valleybrook,93711,Madera,11/13/24,413,12/4/24,Sold,3619000,9645,3461000,3383000,2470,"1,465.18",4,3,4944,466,Creekview Estates,100,1927,37.719,-121.465,37.7191482,-121.4646043,1,,,,,10,11/3/24,0
c,1,182,908053170,AN96228754,132-718-32,1814 Elm Grove Way,Valleybrook,93711,Madera,11/12/24,414,12/3/24,Sold,2400000,7162,2422000,2545000,1694,"1,416.77",3,2,6014,466,Creekview Estates,77,1950,37.72,-121.452,37.7197113,-121.4515691,2,,,,,16,10/27/24,0
c,1,181,968006116,AN17480910,500-369-73,1518 Primrose Lane,Valleybrook,93711,Madera,11/12/24,414,11/29/24,Sold,2504000,7138,2329000,2371000,1520,"1,647.37",3,2,5996,466,Creekview Estates,96,1925,37.723,-121.462,37.7234415,-121.4618295,2,,,,,34,10/9/24,0
c,1,184,954712677,AN49941414,262-121-41,815 Oak Valley Drive,Valleybrook,93712,Madera,11/10/24,416,11/26/24,Sold,2097000,5601,2005000,1931000,1630,"1,286.50",3,2,5019,462,Riverside,102,1920,37.72,-121.425,37.719929,-121.4247966,2,,,,,18,10/23/24,0
c,1,183,921370471,AN34044459,679-679-94,1353 Cormorant Lane,Valleybrook,93713,Madera,11/10/24,416,12/20/24,Sold,4754000,9526,4693000,4862000,3125,"1,521.28",4,3.5,5972,466,Creekview Estates,0,2025,37.719,-121.458,37.7189392,-121.4583971,1,,,Cape Cod,Neighborhood,7,11/3/24,0
c,1,185,964329883,AN99287389,372-221-63,1704 Heron Point Road,Valleybrook,93711,Madera,11/6/24,420,11/21/24,Sold,2948000,7208,2999000,3235000,3051,966.24,4,2.5,7111,466,Creekview Estates,116,1912,37.719,-121.447,37.7185606,-121.4473273,2,,,,,12,10/25/24,0
c,1,186,904023864,AN76780754,308-413-61,2926 Meadowlark Drive,Valleybrook,93711,Madera,11/6/24,420,12/6/24,Sold,2620000,5582,2559000,2463000,2260,"1,159.29",3,2,6261,471,Summit Terrace,88,1935,37.716,-121.472,37.7162455,-121.4724809,2,,,,,2,11/4/24,0
c,1,187,993728205,AN36088942,230-429-90,415 Tanager Way,Valleybrook,93712,Madera,11/5/24,421,11/5/24,Sold,2410000,7061,2459000,,1655,"1,456.19",2,1.5,5013,463,Grove Manor,74,1949,37.724,-121.425,37.7235856,-121.4245001,2,,,,,10,10/26/24,0
c,1,188,957861335,AN46869104,453-569-98,2761 Buckeye Drive,Valleybrook,93713,Madera,11/3/24,423,11/3/24,Sold,2744000,7714,2793000,,1880,"1,459.57",3,2,10012,471,Summit Terrace,74,1950,37.711,-121.468,37.7106785,-121.4679497,2,,,,,22,10/12/24,0
c,1,189,931796721,AN50502136,997-246-94,1204 Morning Star Drive,Valleybrook,93712,Madera,11/1/24,425,11/20/24,Sold,3054000,8752,2979000,2955000,2760,"1,106.52",4,3,7207,465,Eastside Terrace,88,1937,37.722,-121.44,37.7216935,-121.4404378,2,,,,,33,9/29/24,0
c,1,190,999384595,AN88466030,790-623-16,2117 Ivy Glen Lane,Valleybrook,93710,Madera,11/1/24,425,11/18/24,Sold,2227000,5904,2302000,2309000,1430,"1,557.34",3,2,4661,466,Creekview Estates,100,1923,37.722,-121.462,37.7224899,-121.4620895,1,,,,,2,10/30/24,0
c,1,192,986683389,AN35259112,711-719-25,430 Robin Lane,Valleybrook,93711,Madera,10/31/24,426,11/27/24,Sold,2637000,7640,2530000,2659000,1840,"1,433.15",3,2,4788,463,Grove Manor,86,1938,37.722,-121.425,37.7222508,-121.4249754,2,,,,,25,10/6/24,0
c,1,191,925970938,AN10648524,420-352-38,1324 Elm Grove Way,Valleybrook,93713,Madera,10/31/24,426,11/22/24,Sold,2552000,7571,2318000,2268000,1530,"1,667.97",3,3,5338,465,Eastside Terrace,100,1926,37.72,-121.443,37.7204682,-121.4426925,2,,,Bungalow,Neighborhood,10,10/21/24,0
c,1,193,912517517,AN41726318,270-516-72,1034 Oriole Drive,Valleybrook,93710,Madera,10/29/24,428,11/13/24,Sold,4095000,11921,4547000,4557000,4105,997.56,5,5,9190,466,Creekview Estates,96,1928,37.719,-121.447,37.7193881,-121.4473615,0,,,,,10,10/19/24,0
c,1,194,919070042,AN61749546,529-125-27,415 Falcon Ridge Drive,Valleybrook,93711,Madera,10/25/24,432,11/22/24,Sold,2859000,7828,2867000,2952000,2450,"1,166.94",4,2,5643,460,Central Park,101,1922,37.714,-121.435,37.7137468,-121.435351,1,,,,,23,10/2/24,0
c,1,196,912649023,AN34840859,615-817-89,2118 Falcon Ridge Drive,Valleybrook,93710,Madera,10/24/24,433,11/8/24,Sold,2696000,6948,2755000,2958000,1830,"1,473.22",3,2,9101,480,Mill Creek Estates,70,1953,37.729,-121.471,37.7287588,-121.4714614,2,,,,,3,10/21/24,0
c,1,195,940446284,AN83651529,995-578-31,1641 Blue Jay Way,Valleybrook,93710,Madera,10/24/24,433,11/18/24,Sold,3153000,7358,2769000,2692000,1925,"1,637.92",3,2,5991,470,Vista Park,76,1947,37.727,-121.465,37.7267669,-121.4647695,2,,,,,10,10/14/24,0
c,1,197,965315141,AN68910408,329-273-46,2370 Pelican Drive,Valleybrook,93712,Madera,10/23/24,434,11/13/24,Sold,2771000,5658,2068000,2111000,1880,"1,473.94",4,2,4865,466,Creekview Estates,101,1923,37.721,-121.463,37.720513,-121.4626141,2,,,,,24,9/29/24,0
c,1,198,955876491,AN84394708,304-408-49,2117 Pine Meadow Drive,Valleybrook,93711,Madera,10/16/24,441,10/25/24,Sold,2413000,6254,2598000,2709000,1805,"1,336.84",3,2.5,4237,466,Creekview Estates,101,1926,37.716,-121.451,37.716217,-121.4510675,2,,,Modern / High Tech,"Garden / Greenbelt,Neighborhood",2,10/14/24,0
c,1,199,977622366,AN48609441,375-355-88,717 Pine Meadow Drive,Valleybrook,93713,Madera,10/15/24,442,10/31/24,Sold,2451000,6428,2341000,2384000,1650,"1,485.45",3,2,4679,465,Eastside Terrace,97,1924,37.72,-121.436,37.7198928,-121.4362425,1,,,,,11,10/4/24,0
c,1,200,918080062,AN62256420,197-572-74,816 River Stone Court,Valleybrook,93713,Madera,10/15/24,442,11/15/24,Sold,3708000,8170,3655000,3643000,2373,"1,562.58",3,3.5,7013,460,Central Park,102,1920,37.717,-121.444,37.7172137,-121.4435298,2,,,,Neighborhood,25,9/20/24,0
c,1,201,943246714,AN89010042,413-271-18,1323 Amber Hills Way,Valleybrook,93713,Madera,10/14/24,443,11/13/24,Sold,1815000,3759,1778000,1777000,1170,"1,551.28",3,2,4307,467,Heritage Gate,102,1925,37.727,-121.451,37.7269647,-121.4505487,0,,,Bungalow,,12,10/2/24,0
c,1,202,969972515,AN18045780,961-481-43,1508 Ironwood Avenue,Valleybrook,93710,Madera,10/13/24,444,11/8/24,Sold,5033000,13513,4951000,5346000,2997,"1,679.35",5,4.5,6008,466,Creekview Estates,1,2026,37.725,-121.462,37.7245104,-121.4619387,1,,,,Neighborhood,7,10/6/24,0
c,1,203,935827376,AN48526473,761-264-42,1519 Laurel Canyon Drive,Valleybrook,93713,Madera,10/10/24,447,10/18/24,Sold,2053000,4347,1870000,1870000,2020,"1,016.34",3,1.5,6433,460,Central Park,111,1911,37.719,-121.444,37.718618,-121.443962,2,,,,,0,10/10/24,0
c,1,205,952193231,AN86726438,453-468-58,625 Pine Meadow Drive,Valleybrook,93710,Madera,10/10/24,447,10/25/24,Sold,2161000,5586,1674000,1674000,1360,"1,588.97",3,2.5,5371,463,Grove Manor,76,1950,37.724,-121.425,37.723642,-121.4248329,2,,,Traditional,Neighborhood,4,10/6/24,0
c,1,204,983334410,AN82916404,679-998-47,207 Robin Lane,Valleybrook,93711,Madera,10/10/24,447,10/31/24,Sold,1946000,3994,1720000,1647000,1150,"1,692.17",2,1.5,4739,462,Riverside,72,1956,37.722,-121.418,37.722109,-121.4183888,2,,,,,11,9/29/24,0
c,1,206,967054885,AN31923376,161-320-42,1415 Sierra Vista Way,Valleybrook,93713,Madera,10/9/24,448,11/1/24,Sold,4044000,11259,4029000,3986000,3390,"1,192.92",6,4.5,5997,467,Heritage Gate,46,1979,37.727,-121.453,37.7270974,-121.4528961,2,,,,,15,9/24/24,0
c,1,207,995037368,AN84020689,767-401-69,2012 Wren Court,Valleybrook,93712,Madera,10/7/24,450,10/29/24,Sold,3146000,8661,2897000,2900000,1730,"1,818.50",3,2,5763,470,Vista Park,75,1949,37.727,-121.467,37.726801,-121.4669325,2,,,Traditional,,29,9/8/24,0
c,1,208,964103912,AN78909330,210-622-64,1536 Canyon View Court,Valleybrook,93710,Madera,9/30/24,457,10/21/24,Sold,4158000,9715,4191000,4256000,3245,"1,281.36",4,4.5,7092,467,Heritage Gate,100,1927,37.728,-121.458,37.7278766,-121.4581338,1,,,Tudor,,34,8/27/24,0
c,1,209,952594409,AN36119862,442-183-83,1565 Meadowlark Drive,Valleybrook,93710,Madera,9/27/24,460,10/18/24,Sold,3055000,7121,2675000,2556000,2555,"1,195.69",3,3,14031,471,Summit Terrace,70,1953,37.715,-121.478,37.7151243,-121.4781153,0,,,Contemporary,"Bay,Canyon",8,9/19/24,0
c,1,210,975604580,AN73049118,119-420-75,100 Redwood Terrace,Valleybrook,93713,Madera,9/26/24,461,10/18/24,Sold,4066000,9840,3970000,3914000,2666,"1,525.13",4,5.5,5519,462,Riverside,3,2025,37.719,-121.419,37.7194384,-121.4189542,1,,,,,11,9/15/24,0
c,1,211,925224301,AN69286198,316-943-62,1305 Finch Hollow Lane,Valleybrook,93710,Madera,9/23/24,464,10/11/24,Sold,2029000,4537,1897000,1909000,1040,"1,950.96",2,2,4010,465,Eastside Terrace,99,1923,37.722,-121.444,37.7219416,-121.443529,1,,,Bungalow,Neighborhood,18,9/5/24,0
c,1,212,914666517,AN95386667,686-895-54,1607 Wren Court,Valleybrook,93710,Madera,9/21/24,466,10/2/24,Sold,4274000,11604,4137000,4122000,3720,"1,148.92",4,4.5,7054,460,Central Park,28,1994,37.719,-121.446,37.7186483,-121.4459349,3,,,Mediterranean,Neighborhood,25,8/27/24,0
c,1,213,908522597,AN82143514,289-515-99,1645 Silver Leaf Way,Valleybrook,93712,Madera,9/17/24,470,9/17/24,Sold,2195000,6158,2268000,,1660,"1,322.29",3,2,5526,470,Vista Park,78,1946,37.728,-121.464,37.7281471,-121.4642561,2,,,,,29,8/19/24,0
c,1,214,997484029,AN60748656,888-366-94,100 Alder Creek Way,Valleybrook,93711,Madera,9/16/24,471,10/17/24,Sold,2442000,6309,2433000,2442000,3080,792.86,2,2.5,20439,471,Summit Terrace,42,1979,37.711,-121.471,37.7112724,-121.4705984,4,,,Cabin,"Bay,City Lights,Hills",39,8/8/24,0
c,1,215,900683201,AN67756952,460-776-10,2135 Quail Hollow Lane,Valleybrook,93712,Madera,9/12/24,475,9/26/24,Sold,3697000,8841,3321000,3472000,2590,"1,427.41",4,3,4853,466,Creekview Estates,25,1997,37.723,-121.462,37.7225648,-121.4618083,2,,,,,40,8/3/24,0
c,1,217,947276557,AN85467972,591-696-83,1312 Cypress Point Drive,Valleybrook,93710,Madera,9/10/24,477,10/10/24,Sold,2874000,7273,2428000,2423000,2680,"1,072.39",4,3,6010,467,Heritage Gate,116,1908,37.726,-121.452,37.725901,-121.4515818,2,,,Craftsman,,38,8/3/24,0
c,1,218,961023927,AN17711235,477-630-11,1580 Osprey Way,Valleybrook,93710,Madera,9/10/24,477,9/30/24,Sold,3480000,9883,3052000,2972000,2578,"1,349.88",5,2,6313,466,Creekview Estates,96,1930,37.724,-121.465,37.7239751,-121.4654594,2,,,Spanish,Neighborhood,33,8/8/24,0
c,1,216,910598952,AN91804602,991-491-89,1115 Cypress Point Drive,Valleybrook,93711,Madera,9/10/24,477,9/10/24,Sold,1567000,3658,1550000,,1160,"1,350.86",3,1,4005,465,Eastside Terrace,79,1946,37.722,-121.44,37.7215389,-121.4396184,1,,,,,26,8/15/24,0
c,1,219,993361463,AN56113741,936-223-64,1253 Tanager Way,Valleybrook,93710,Madera,9/7/24,480,9/24/24,Sold,3237000,7850,3291000,3241000,2365,"1,368.71",4,3.5,5985,466,Creekview Estates,101,1922,37.721,-121.452,37.7213095,-121.4518428,1,,,,,4,9/3/24,0
c,1,221,958664992,AN41157840,958-177-53,1214 Sand Piper Way,Valleybrook,93710,Madera,9/5/24,482,10/17/24,Sold,708000,1713,704000,732000,800,885,1,1,1000,461,Valleybrook Downtown,46,1980,37.718,-121.432,37.7184178,-121.4315153,1,,,Contemporary,,29,8/7/24,0
c,1,222,987120361,AN33781587,959-886-99,1544 Stonegate Drive,Valleybrook,93712,Madera,9/5/24,482,10/1/24,Sold,3921000,10866,2923000,2967000,2530,"1,549.80",4,3,10255,471,Summit Terrace,58,1964,37.714,-121.479,37.7135443,-121.4786618,2,,,,"Bay,City Lights,Neighborhood",14,8/22/24,0
c,1,220,917339011,AN61030579,645-820-39,1122 Ironwood Avenue,Valleybrook,93711,Madera,9/5/24,482,9/26/24,Sold,2570000,5995,2142000,2139000,1520,"1,690.79",3,1,6007,466,Creekview Estates,98,1926,37.717,-121.451,37.7174151,-121.4510692,1,,,,,4,9/1/24,0
c,1,223,958382413,AN98911718,233-342-47,129 Osprey Way,Valleybrook,93710,Madera,9/4/24,483,9/18/24,Sold,3923000,10566,3360000,3459000,2870,"1,366.90",4,3.5,12757,471,Summit Terrace,98,1928,37.711,-121.475,37.7113225,-121.4749228,0,,,Mediterranean,Neighborhood,3,9/1/24,0
c,1,224,958049927,AN64888712,476-923-73,1550 Walnut Creek Court,Valleybrook,93713,Madera,9/2/24,485,10/1/24,Sold,2829000,7529,3028000,3286000,2120,"1,334.43",4,2.5,9859,470,Vista Park,74,1949,37.725,-121.463,37.7250915,-121.4631704,2,,,,,17,8/16/24,0